id,name,address
1000765509521920033,punkkub,0xfF2f5342FF8fFfA17a04aA5CbC162001A25B71a7
1000765801399332995,hooligan,0x52a12df12983a48627b379262D906f3DfF7440A8
1000766342900764683,apekub,0x6D5724cc5125C2de0DebACb779A11307B3AbADE9
1000765582431490138,welcare,0x6aB050f621C2b7Ac56cAE8C36D7CD78C736eFF21
1000765673225588746,kubtoon,0xCA505cb4A67d986c7C2e3C8950A2B4DB9C300E06
1000765733002825899,dicekingdom,0x5D2d847fabDb3d8f6063bB4Bc836a8059AA1A34B
1000765961521086536,morningmoon,0xd08Ac40b3a0A7fb20b026A3b6Cd5D7cFadc3d6f5
1000769851796758558,smilemonkey,0x0E6Ab6d00d02a184c1AbdD54AF6bBBe3C0392703
1000766288802631810,mahabharattoon,0x3492113DdEecdd8FBEb9e2774A55219c1683DED8
1000766202072797234,maxyverse,0xB3122aAb8df188b817Ea81Fc900D1CBBC24b18c7
1010723085344841848,stockerdao,0x9E718B5D46D100E021537E59130Bed9991D78eC0
